SMA_50,RSI_14,EMA_12,EMA_26
,,,
,,,
,,,
,,,
,,,
,,,
,,,
,,,
,,,
,,,
,,,
,,-1.8317912466489257,
,,-1.8259582764872369,
,,-1.8195724578929842,
,0.9056080296201675,-1.8044198448052176,
,0.5549939326276584,-1.798877241919702,
,0.7505472418423493,-1.788166398678168,
,1.2218667482939107,-1.7629439087629402,
,1.3622458871646723,-1.736280194357176,
,1.2969420220289563,-1.7149041612408444,
,0.5107271164828672,-1.7120491481947973,
,0.8469039748347247,-1.699087860516017,
,0.40775672705916877,-1.6973890002396603,
,0.15262478851572034,-1.7016008545750199,
,-0.12873760264006787,-1.711562662276309,
,-0.04659864473411529,-1.717983106192058,-1.8052005981275345
,-0.18444251770419667,-1.7263516366107254,-1.8058879587009224
,-0.10930083949391134,-1.731797827881668,-1.8057179679402846
,0.2851309393400014,-1.727563981417934,-1.8011989851284094
,0.14683920828780905,-1.7265034316958163,-1.7982587400629437
,0.3545539066337188,-1.7210337847306647,-1.7932809273616552
,0.476338401936915,-1.7137159674380307,-1.7873451124292303
,-0.20670630485413005,-1.7193627562556768,-1.7876887207179168
,-0.15008741958841015,-1.7230460204833775,-1.7874668492220325
,-0.006763570205405625,-1.7234768209599205,-1.7859365810497163
,-0.08072139639583495,-1.7250292238768221,-1.7851056127936478
,-0.31594607887968906,-1.730073383262796,-1.7861763892164841
,-0.3832332548887688,-1.7353947609704086,-1.7876873832308233
,0.1825394927725928,-1.7307537170590193,-1.784576104128594
,0.4899143260903286,-1.7212265669368256,-1.7789329156874925
,0.8116028033506469,-1.706811823676138,-1.7705738370601183
,0.25493069543202224,-1.7022582450150343,-1.7666042736949406
,-0.0008461572374778929,-1.7021765802584776,-1.764789056991264
,-0.3111750862096067,-1.7068489954820643,-1.7654471541681263
,-0.7605480327562482,-1.7182706771361453,-1.7697403018479876
,-0.20590899255539766,-1.71918379837484,-1.7693986355312146
,-0.15379260340466497,-1.7190947652201405,-1.7686572387602364
,-0.04077915905558481,-1.7172222232793852,-1.7670842502077513
,0.1887043507064293,-1.711984112223761,-1.7638255377680565
-1.847959252609699,0.5857236495495485,-1.700759255892502,-1.7574576132641382
-1.8405581074288708,1.0347260495487125,-1.6824206770846848,-1.7472005619105238
-1.8304343620359251,1.6359270472916891,-1.6519764512334223,-1.730340249244648
-1.8217465930539831,1.7157522899957618,-1.6239363625585501,-1.7136043925877402
-1.8168707196726106,0.9761583695606663,-1.609534679517538,-1.702707758955475
-1.8152077358046688,0.06249679273577977,-1.6114093165666963,-1.6995540101987778
-1.8100890048674652,0.15003459011438508,-1.6112491189513232,-1.6957724093454616
-1.8059798933181324,-0.13139043369183276,-1.615755067538695,-1.6945604455657608
-1.8033364372240877,0.12327928916604443,-1.614880131732701,-1.6911259684387756
-1.7995285839306145,-0.2294351882741294,-1.6198483930290442,-1.6907617808654067
-1.7965058956041615,-0.5068649685583693,-1.6287822823255869,-1.692757731045754
-1.7930959968075926,-0.6952104912826064,-1.639632245477011,-1.696228951014171
-1.791071120077191,-0.989824784203866,-1.6541415152503345,-1.7020714548281055
-1.7906709316737386,-1.3146471492488947,-1.672744970896986,-1.710601802255676
-1.7904697737069806,-1.3138136827123188,-1.6884755855166185,-1.7184949591076384
-1.791554707658828,-1.2767404127654611,-1.7013383427346989,-1.7255825691574023
-1.7914148225576707,-1.1400644103260633,-1.710642734639065,-1.7313660592595628
-1.7921983918771351,-1.1821278404378477,-1.719173477566682,-1.7370456144777375
-1.7956126521103242,-1.3684160398221197,-1.729258403933767,-1.7437184758089506
-1.7998373949181818,-1.4041220064294637,-1.738331888248158,-1.7501634595328837
-1.8027644507686453,-0.6131859016934249,-1.737809698636546,-1.7520863349024631
-1.8033089920863752,-0.43909884129356325,-1.7353690694784898,-1.7528808362161286
-1.8061566910657658,-0.9126432844932804,-1.739415653753692,-1.7566312269861664
-1.8074160824821597,-0.707179506918263,-1.7406208755296615,-1.7590093354265575
-1.8064867773538777,0.11728814602898534,-1.7314606133460522,-1.7561897546703282
-1.8039441661844582,0.47403736899565246,-1.718439561294973,-1.7509794624342143
-1.8012490111100532,0.6726087327253556,-1.7043097193152408,-1.7446200436289845
-1.7989463853309005,0.1544020201849566,-1.6981284550414124,-1.7415802136525218
-1.797544343024285,-0.2434314554915836,-1.697776615323557,-1.7411719605031168
-1.797044692590724,-0.06711905653903608,-1.695163155372964,-1.7396516558263988
-1.7961369818925101,-0.033455354310141606,-1.692522467786522,-1.7380322057741249
-1.7964371763833455,-0.39720824338947835,-1.6944517726731352,-1.7385865644923766
-1.798050376047991,-0.9267252219686006,-1.702890718273709,-1.7424572887578005
-1.7984279062563588,-1.132580938210796,-1.7129333601699155,-1.7474727635760503
-1.79852460249738,-0.8303945337489567,-1.7183051031947945,-1.7505748166138764
-1.7991739246703469,-0.9323954656661932,-1.7241613999672902,-1.7540937545306705
-1.7998278210329337,-1.0300198042029374,-1.7303376895768812,-1.757954295562157
-1.7991897747692707,-0.4596116758373115,-1.7299505888351578,-1.7587600446478617
-1.7952961820145568,1.076029721154218,-1.7071310373040356,-1.748411450384666
-1.7895635522798146,1.9391422300533332,-1.665377881080754,-1.727758289376572
-1.7841820713807441,2.0312319372407934,-1.6269878052293958,-1.7071253444490713
-1.7823794151646604,0.6299909450118059,-1.6140338945710782,-1.6976543522399064
-1.7790350442937886,0.7723874601114067,-1.5995661869800912,-1.6871551577928814
-1.7743964968901262,0.9941849099330121,-1.5817357078700491,-1.6746769994830322
-1.7675760610379567,1.389325640052176,-1.5556097173725478,-1.6576780951066952
-1.7590503034697562,1.5478390290619153,-1.5286377281904089,-1.6395384160819888
-1.7512886483210082,1.6516609600799466,-1.502590152360654,-1.6211515564649024
-1.7445789504082356,1.159856653379246,-1.4872963432862738,-1.6074545146697565
-1.7391521531189806,0.6578101489082031,-1.481836606440895,-1.5984623184910582
-1.734337446226701,0.6067951158950893,-1.4779900278368352,-1.590517607583918
-1.7278343314823306,1.3497572650588954,-1.4557314676243263,-1.5737873847858048
-1.721250902478363,1.6427278564206496,-1.4274758171051216,-1.5536490909161622
-1.7167568143654628,1.629677931229398,-1.4037510648627838,-1.5350932228199436
-1.7092351446069813,2.2551783117844995,-1.3595001582988802,-1.5059864815572777
-1.6977662683363932,2.6118394289000726,-1.302834055271346,-1.4695536289443365
-1.6831909854316671,2.74429986229952,-1.2464798746586945,-1.4316730982244652
-1.6665060437238228,2.9787733739815825,-1.1817913508160391,-1.3882108420904178
-1.6486541517804938,3.0264573752449286,-1.123256616904425,-1.3460944249349707
-1.627067593577612,3.3539313076120916,-1.0420291562870216,-1.2914619970853956
-1.6035585992165176,3.4217491408769356,-0.9651030909218493,-1.236833990585634
-1.5810150779946337,2.7403768116827605,-0.9117244191863276,-1.1920299984481153
-1.558982057609599,2.356984344780536,-0.8735404892454853,-1.153989155008837
-1.5393599542835346,1.2617449880897411,-0.8639961347626536,-1.1299955322610669
-1.519229477650685,1.1464721218579057,-0.8585697906816406,-1.1090862100430876
-1.4987627448925631,1.2060970876548238,-0.8515355762723161,-1.0885208166435516
-1.477416597585964,1.3732056260489869,-0.8387755531409038,-1.0661205975637893
-1.457471003314948,0.9597068343963961,-0.8365284188983926,-1.0495970282462939
-1.4389242600554752,0.47525213068080424,-0.8454017719114278,-1.0396123129005623
-1.419764043504472,0.5252220251840145,-0.851339746327431,-1.0295926482932312
-1.3991705099550293,0.8325820230309967,-0.8465380228978163,-1.015468217666513
-1.3807174843944976,0.4879944155276719,-0.8497561731635582,-1.0059816213040407
-1.3626355000756583,0.4552814055554713,-0.8531639466388768,-0.9975354900444212
-1.3435145364541872,0.5068773523604837,-0.8546449186363447,-0.9890231711506776
-1.3251501225204685,0.33373640407747956,-0.859150868903716,-0.9827459168874679
-1.3084302893197195,0.24007775974476345,-0.8646777122350805,-0.9777791685720253
-1.292603167730292,0.1723090091316348,-0.8705406127098242,-0.9737655152591584
-1.2786829513296771,-0.40649454147889375,-0.8861809031474206,-0.975316997576207
-1.2645627471038283,-0.6217458955909505,-0.9037433692214292,-0.9788886176069181
-1.2490672010735604,-0.3431924704880639,-0.91353542668056,-0.9796955326597414
-1.2330196673703708,-0.01359311971392412,-0.9155130969854957,-0.9773311625333234
-1.2178859078260624,-0.35601776271571767,-0.9233659453178493,-0.9781900682672627
-1.2001849641401867,0.3449278368485047,-0.9156076249668988,-0.9718807473949239
-1.1828046392336748,-0.14527776262380077,-0.9181681760405733,-0.9705400232781826
-1.1647645672569318,-0.054976306225684814,-0.9184652709004907,-0.9683764290761715
-1.1473029707022988,-0.11426119439491055,-0.9197745178132425,-0.9668949124699281
-1.130134760542333,-0.3111178196170515,-0.9243151905999362,-0.9672164631305236
-1.1144288017895592,-0.9235529077476367,-0.9399537720496043,-0.9733330559954457
-1.099634596042111,-0.9709848165941036,-0.9541673416493098,-0.9794804293490043
-1.0887131332548248,-1.2371774133357532,-0.9717112311876654,-0.9878938302606193
-1.083715565154267,-2.0310537038301804,-1.0069554281969821,-1.005746436779263
-1.0772271303672807,-1.1869806371099612,-1.0229344911122307,-1.0154482994365763
-1.0681574697403664,-1.2210365339296358,-1.0373169108587224,-1.024856544671019
-1.059354388629415,-1.125530542006533,-1.0479079404083245,-1.0327891505544666
-1.0515918824686432,-1.2123110553893874,-1.0588068090488751,-1.0410897349118597
-1.0444297652895653,-0.7869708336302508,-1.0613324891486975,-1.0454723003940738
-1.0393481597518224,-1.2607351678487237,-1.0736512070080686,-1.0545525234103152
-1.0361001659924713,-1.6636102472261582,-1.0941109339114832,-1.0679107039853266
-1.031445555736893,-1.437366477084021,-1.1079963168618947,-1.0785891004002894
-1.0267113758572257,-1.7116717964219634,-1.1266511903047831,-1.09188288903706
-1.0212296882925382,-1.3968886708882886,-1.137803045673876,-1.1019066085886038
-1.0187097353182186,-1.5008464935999044,-1.1496557655139326,-1.1123798372881841
-1.0182263604895896,-1.725467177152581,-1.1649927492129917,-1.12469543604228
-1.01752363731223,-1.618364313168207,-1.1765676683228585,-1.1354069412353052
-1.0106003353818946,1.3188416639616645,-1.1171963194784935,-1.1112076467278293
-1.0093374335409049,0.41817047582761097,-1.0886739835656756,-1.0995122566241047
-1.0118408981573,-0.2238148671749962,-1.0833734354792408,-1.097973331391911
-1.013618555895243,0.38525441943174354,-1.056634850689233,-1.0855713871325838
-1.0178029820085444,-0.04555480856587421,-1.047618191917373,-1.0808006867278246
-1.027125818712085,-0.21192089746856374,-1.0454534184383502,-1.0790789541418853
-1.0389939259976015,-0.5161562180055072,-1.0538348343924095,-1.0825226087832158
-1.0486813149761505,-0.38661491555673233,-1.05686770076127,-1.0837089402752729
-1.056558707759916,-0.1901515942352473,-1.0533260870396566,-1.0817945514508307
-1.059916056564124,0.11861323668122484,-1.0404039272437173,-1.0751260504153548
-1.0619184878524182,0.33186481041911,-1.02232020420421,-1.0654248266338477
-1.0618664697425575,0.8022443597318689,-0.9897174053719543,-1.0479080346890792
-1.0601071087631024,1.2425764808758715,-0.9429743271230817,-1.0222396330575227
-1.056660403696573,1.3205770237492982,-0.8997688391913518,-0.9966703529520229
-1.0545696799109583,0.5093895708793724,-0.8837920532190386,-0.9831474553877124
-1.0536752662755888,0.25783812641487314,-0.8773551191738672,-0.9741195437980182
-1.0575603489100711,-0.5180655190994586,-0.8966493032227538,-0.9779643007051623
-1.0615604245440622,-0.7418216809791827,-0.9210879677541194,-0.9855260795507563
-1.0639649590128801,-0.39921233183613747,-0.9309120508424907,-0.9871733728421647
-1.0630573546911664,0.2945187116905182,-0.9138676650585894,-0.9761907312682059
-1.0611558747039977,0.39199933245435536,-0.895510257161981,-0.9640804804457916
-1.0598319127504077,0.19394022499330257,-0.8858679938747073,-0.9557731103836246
-1.0613762868177523,-0.4766411261819397,-0.89964030287441,-0.9588991044034034
-1.0610629016405573,-0.3930348774165507,-0.9085372070078548,-0.9604337977849301
-1.0583646616475644,-0.010061614121428019,-0.9031456290806039,-0.9554818806154306
-1.058981219857675,-0.5721222932029507,-0.9174888105610222,-0.960222205226618
-1.0556313174086667,0.3416839365444735,-0.8946306051744909,-0.9473494954402538
-1.0530231783135269,0.012933312647618031,-0.8868331730324648,-0.9411247047561897
-1.0525357611777935,-0.01389279219262506,-0.8811701084750437,-0.9358221011697583
-1.0534523011257393,-0.5457934974860482,-0.8956574755550262,-0.9404221527322006
-1.0621078380273332,-1.646574863418808,-0.9620176165883736,-0.9713682208595981
-1.0682072539436631,-1.1746208968999334,-1.0007396056989646,-0.9914248134497603
-1.0732464152567938,-1.0627134905486695,-1.0292690831383344,-1.0079065895845365
-1.0774615841794033,-1.178809990176545,-1.0592464835745907,-1.0260467536149152
-1.080018768929699,-0.8683781286443287,-1.0736017802544235,-1.0374121891710382
-1.0844473291168713,-1.2638643179472713,-1.1048000325068335,-1.0573332785556318
-1.0858044805393259,-1.2096777343566103,-1.1293844217057498,-1.0748838726469412
-1.0913082944165897,-1.535420358225939,-1.1663337562611462,-1.0990993513089273
-1.0989949541308845,-1.8399022297906111,-1.2142473543697703,-1.1297334528469725
-1.1057719883699102,-1.5702650328368837,-1.2466321907883753,-1.1540745319802581
-1.111762687500399,-1.4450076542866492,-1.2702849231948141,-1.1747628892607842
-1.117230333366726,-1.0970866817690113,-1.2798194305526622,-1.188749617438706
-1.1217272936451985,-1.1726556706820193,-1.291048357856303,-1.2032596537665627
-1.1225116076001793,-0.6239033640275984,-1.2837348012958887,-1.2084005387317465
-1.122401614296306,-0.3273482918376827,-1.2676517716380982,-1.2082798785793882
-1.1213225310521184,-0.3242127979222698,-1.2539399610718003,-1.2081173033273267
-1.1233001766152797,-0.8338163495537712,-1.259811951045529,-1.2165863353320205
-1.122739891575134,-0.3301552806033765,-1.2488418932499907,-1.2165659473302528
-1.1237021734192725,-0.783462174341842,-1.255879030573722,-1.2245970059423381
-1.122798717781163,-0.33419685028364815,-1.24693733860475,-1.2246853083966829
-1.1298015893355868,-0.0017940655367484858,-1.2273870959671005,-1.2188556113592546
-1.1328940606478644,0.1740188318541296,-1.2042781639292988,-1.2102187183170818
-1.1317008354161995,0.48718505701236586,-1.172562536313689,-1.1962224722524206
-1.1323346266197583,0.7074428669782377,-1.1366863504135525,-1.1788038699094239
-1.130832590400518,0.7525541025362503,-1.1044908265281448,-1.161768531390636
-1.1289082394652492,0.6560893121592151,-1.07965883987558,-1.147184040698401
-1.1275814053460793,0.09855834145052944,-1.0731817562188293,-1.1408493809674076
-1.125800981819072,0.31886298155623405,-1.060361529207451,-1.1313635332099083
-1.1236564315230566,0.5715329837201479,-1.0407722677663247,-1.1182684712736721
-1.1219036658867696,0.7689183745987649,-1.0171048524245547,-1.1026451905773538
-1.1205472590998389,0.8871593339950294,-0.9927955955053747,-1.0860665180538922
-1.1198300687181033,1.2194107854429659,-0.9595480732050223,-1.0644621285265226
-1.1226794697215263,0.9088923090002717,-0.9380542924570873,-1.0477327624862243
-1.1241426785172501,1.2640255192036902,-0.9061881692389687,-1.0254951135047459
-1.1228962650341927,1.2158149825622637,-0.8802092970334644,-1.005390456718594
-1.1223441709847783,0.6394175191821317,-0.8703306195398756,-0.9927453147090087
-1.1195059395141436,0.2799827865242375,-0.8701784160137077,-0.9850849675304287
-1.1144315675785925,0.5424240467743389,-0.861989897210352,-0.9740164201725257
-1.1091626330194595,0.9093233262933169,-0.8427992188835908,-0.957719307441954
-1.1079920659828866,0.7070542382225529,-0.830844704358293,-0.9447424396248759
-1.1063755686466612,0.9245048397049547,-0.8135689871587196,-0.9291948225016522
-1.104891190926885,0.5892469308690619,-0.8057975357578647,-0.9181760438336576
-1.0989045341035082,0.923337146819302,-0.788590786787467,-0.9027295514635195
-1.0937542093449801,0.7567656148819689,-0.7773232870323363,-0.8900511206613057
-1.091064585848727,0.5090204934582649,-0.7726661708956023,-0.8807174781193484
-1.086339554348292,0.29775674922191053,-0.7729100395119942,-0.8741393124914034
-1.0882662455666248,-0.3124932308949931,-0.7862292248019974,-0.8745166022428864
-1.0900960277909129,-0.7520479453098924,-0.8083425512829788,-0.8802146059056628
-1.095001899346062,-1.5147998798971853,-0.8502359410000025,-0.8969256042098788
-1.0954073001981581,-0.932384279163852,-0.8724144111139648,-0.9058531491057642
-1.0879896666593978,-0.8284985317792857,-0.8887034955695745,-0.9128974070527134
-1.0802453508806058,-0.07412826737410665,-0.8826949876858544,-0.9096572519695376
-1.071093248464031,0.38465191925194864,-0.8631939791243666,-0.8995456734296254
-1.0611692781432958,0.3741874453311361,-0.8469477812272003,-0.8903087149327112
-1.0561917088252737,-0.5400456504401148,-0.8579648994987807,-0.8939712948638207
-1.0500938885564917,-0.8775076300445397,-0.8782364936894365,-0.9027636047635458
-1.0427667814215924,-0.4911458584508797,-0.8846846178153529,-0.9056242809987624
-1.0330245021676108,-0.4439157331513425,-0.8888205148699255,-0.9076218347151117
-1.021691681444084,-0.6229664494680288,-0.8974655460239651,-0.912009511937668
-1.011563468238026,-0.6428830583174607,-0.9053352751531464,-0.9163457949341145
-1.000921243770523,-0.3331842905864972,-0.9045269465341431,-0.9166774528398214
-0.9916959543200354,-0.3234750234946363,-0.9036114012222127,-0.9168703142431153
-0.9826853326521503,-0.5261146695309382,-0.9075505285358286,-0.9193740810303921
-0.9754944938173201,-0.35508530854546677,-0.9072299837723625,-0.9198901420534421
-0.9697198453639659,-0.3716749719652529,-0.9073065006768841,-0.9205395099588327
-0.9648451421241331,-0.6787552318792573,-0.9137768702255955,-0.9243004866263201
-0.958362983550807,-0.9448120335835625,-0.9251004119569589,-0.9306678251189802
-0.9544430094234048,-1.061039781459568,-0.9372738171212164,-0.9378420416118028
-0.9476457636488588,-0.7876668261816824,-0.9430844526434413,-0.9422700775052946
-0.9438393996264335,-1.1081086840295635,-0.9547360513566138,-0.9496922464731413
-0.9414653952139237,-1.0028163697225987,-0.9629702250677056,-0.9557631229002834
-0.9390039493161173,-0.5498437102042234,-0.9627387764698176,-0.9578333310446985
-0.9370728966611724,-0.07917109364042108,-0.9542170083637198,-0.9556432504212313
-0.9367030255610047,-0.21252353043213895,-0.9492574053595927,-0.9547258125631691
-0.9369142892955269,-0.355208562935726,-0.9474250367962591,-0.9550425340140024
-0.9371412967524573,-0.5094892279774093,-0.9483988148919238,-0.9565809313930054
-0.9344718847917323,-0.1019447660469343,-0.942809462977551,-0.9548418683304788
-0.9321191556797748,0.1956270147863409,-0.9330307543995326,-0.9507409717021407
-0.9317844952020351,-0.20143793832176288,-0.9306104616412708,-0.949831454378035
-0.9314387715679995,0.2212265698240545,-0.9213906225804563,-0.9454516174459474
-0.9321609616453711,-0.015768412647924227,-0.9170297622937992,-0.9430933331669012
-0.9346167695885255,-0.006989926136837537,-0.9131997815317477,-0.9408406677633147
-0.935960517571628,0.08570930739975625,-0.9085549612398167,-0.9380622804786612
-0.9387731123051062,0.2889334152724016,-0.901568862672936,-0.933982328956775
-0.9406109791436179,0.6669761143877053,-0.8895927469466075,-0.9272130041099768
-0.9419068577004719,0.0003631976325913704,-0.887642707433739,-0.9249818434033225
-0.9427772302462093,-0.3699802876150226,-0.8911219435624864,-0.925446074825718
-0.9437906791881764,0.1000345067437372,-0.8870409597855748,-0.9224107118151702
-0.9470719687928919,-0.2014527304153078,-0.8877277026000469,-0.9216422755422331
-0.9508358885907126,-0.7170584517226851,-0.8960830942984366,-0.9247655995863311
-0.955704634746401,-0.7696016718192992,-0.903983171892339,-0.9280670458981365
-0.9597142842656327,-0.8118476397894572,-0.9113010296020156,-0.9314362684480992
-0.963452035443773,0.10213307540160418,-0.9048956939441367,-0.9283419995497065
-0.967584656200214,-0.33186680722524187,-0.9056236861080835,-0.9285095136214121
-0.9706108549512706,-0.12142883968230826,-0.9031145717883969,-0.9271230936153052
-0.9737814066165967,-0.4856456822688283,-0.9062199910227873,-0.9284184477459378
-0.9754351357287986,-0.6302585552473579,-0.9109902986794496,-0.9306747549068618
-0.9743068001638301,0.021179391848361477,-0.9057490974827263,-0.9281875477144239
-0.9679468681921973,0.8202020013298624,-0.8866596186678725,-0.9186558779039206
-0.9632279001524224,0.886844354811341,-0.8691052234640844,-0.9091388102214915
-0.9560059993787684,1.6947206807277286,-0.8336721086853232,-0.8901754872204154
-0.9506466447922666,1.8892110586565658,-0.7973692465747585,-0.8694988896322772
-0.9494539514431253,0.8027800174632288,-0.7823693008554189,-0.8581070599061291
-0.9491078023030816,0.42613432127023876,-0.7760541975457838,-0.8507047380380972
-0.9460855394826291,0.12118310941710088,-0.776119962270108,-0.8465189949718636
-0.9402907858702545,0.5194225504889898,-0.767073406225225,-0.8381534522687182
-0.9369705624655226,0.11500225743872004,-0.7666105302191315,-0.8339551376354758
-0.9337937345865363,0.1283300041772813,-0.7659357443824919,-0.8299281535768438
-0.9298586549957418,0.1453741377833392,-0.765026256886093,-0.8260324849989238
-0.9235730801995536,0.8851133837318403,-0.7478117922524475,-0.8143135897076211
-0.9194140780704165,0.400406954957928,-0.74115849177184,-0.8073659096964139
-0.9166315878872305,-0.13356202332142628,-0.7452526154890503,-0.805729362657114
-0.9108219415644716,0.5892722080700767,-0.731537244600156,-0.795739824861007
-0.9052864274893756,0.6523364904768106,-0.7182608982991863,-0.7856659806305946
-0.8989615997636631,0.8556348209703817,-0.7016662223090241,-0.7736939968681874
-0.8923906168105237,0.5773266427933375,-0.6922499174187274,-0.7648903757271299
-0.8833260622557377,1.038245417209894,-0.6720965090169592,-0.7507279873188648
-0.874951040191967,0.5909022763333656,-0.6626225112097258,-0.7413531110411098
-0.8655577822435936,1.0200550562088655,-0.642751876422092,-0.7268253468336761
-0.855314788791019,0.9843756861301777,-0.6265275859775876,-0.7136644096724016
-0.845794198168824,0.7595099256669663,-0.6163991380695536,-0.7032540333611689
-0.8378202155205373,0.5118274962094768,-0.6118156948086048,-0.6955813607342674
-0.8319334462332617,0.1084454163795417,-0.6147069246206766,-0.6918162474236571
-0.8275091411061937,-0.5601004268135663,-0.6299815245408509,-0.6946578005538911
-0.8228451697183516,-0.5908378026175076,-0.6435370546245491,-0.6976000575863757
-0.8181156704048123,-0.6952801055465515,-0.6570574415330763,-0.7013357349412174
-0.8155096588397361,-1.1286264897002165,-0.677442254883331,-0.7092067528039855
-0.812104546985795,-0.4928340606538132,-0.6838623141699465,-0.7111532814904917
-0.8088285762062157,-0.8221295475814138,-0.6960826644310055,-0.7163039440427311
-0.8047451013940476,-0.14097215419121314,-0.6934109109911059,-0.71465460657537
-0.8010134136765673,-0.43854450239657666,-0.6971349854917683,-0.7160795662962365
-0.7990280026287058,-0.9943647827770968,-0.7127757852830398,-0.723559762969016
-0.7960589280596457,-0.5544703932513321,-0.7174920432068416,-0.7262840561904531
-0.7927375345133741,-0.28267884585948744,-0.715878763262282,-0.7260422779606055
-0.7896470843546447,-0.07464358148653706,-0.7101191417978563,-0.7236507099709064
-0.7874184966214286,-0.74807010335283,-0.7196625024493758,-0.728547730110012
-0.7841646521544333,-0.6312560639590914,-0.7254519090765029,-0.7319545159828807
-0.7816066163921136,-0.526165402087715,-0.728358016166958,-0.7341260444966559
-0.7773741080995558,-0.11813276828423216,-0.7228465434827434,-0.7322051076464883
-0.7708341870852248,0.2941735058631129,-0.7092692777855737,-0.7260295850326214
-0.7648148726754761,0.0386558585173762,-0.7023761614934112,-0.722578257079994
-0.758178255420124,0.22046551671170392,-0.6927121518361021,-0.7174926771837816
-0.7532086643397947,0.24683487613155647,-0.6839940584626394,-0.7125170189930866
-0.7454393500828543,0.8756568065033749,-0.6625165273758782,-0.7009544672902114
-0.7343749172758306,1.7269624104139718,-0.617386677627876,-0.6769515089844063
-0.7243680796594265,0.993367035847989,-0.592077294907707,-0.6610786046955927
-0.7162909118034428,0.22067791603460468,-0.5867603532807348,-0.6543224912245796
-0.7118501183184428,-0.45342594206439524,-0.5992833149389419,-0.6564632497368713
-0.7083593733797608,-0.16326877023105016,-0.6020961332630634,-0.6546060404428714
-0.70404144475547,0.10048624805745406,-0.5970919701291235,-0.6492439691751722
-0.701983591309212,0.24915058855872255,-0.5886239343732043,-0.642190704439901
-0.7006035689386649,0.30039861850292476,-0.5800399883221705,-0.634960107289836
-0.6980498946129573,-0.03540979349658282,-0.5800062497880131,-0.6318312636280241
-0.6952903817543715,-0.25521205419400855,-0.5848661641946761,-0.6313455238888008
-0.6913371117816047,-0.11347300330364762,-0.5857540453689568,-0.6293052838500397
-0.689026295011736,-0.24821241429632646,-0.589281920687716,-0.6287857852071336
-0.6863231616996305,-0.4602457768243624,-0.5966215780895779,-0.6304527332467034
-0.685621608663803,-1.079412986760029,-0.6170250625133041,-0.638997204339665
-0.6858994640890542,-1.337561516948975,-0.641034458026395,-0.6502358208703007
-0.6884378201983539,-1.3318761354007396,-0.6612539313877729,-0.6605945098913191
-0.6894424398905967,-1.1363310863789866,-0.6751829848608892,-0.6686174185453703
-0.6883097428890163,-0.7913638174316657,-0.6812351268218235,-0.6732176303563752
-0.6893929748168082,-0.7220694361033626,-0.6852029114212923,-0.6769082164812817
-0.6910343642546897,-0.8462181469754602,-0.6909260249187799,-0.6814923858035793
-0.6930284981757754,-0.6605079073943465,-0.692958986033864,-0.6843510560595257
-0.6937274981755311,-0.3536960560819154,-0.689937667729031,-0.6846591195792112
-0.6961103318377807,-0.35319143621113563,-0.6873734741052764,-0.6849405685872201
-0.6976678965914618,-0.46250042281714854,-0.6868140254747834,-0.6859954612831174
-0.7007524960425469,-0.4016792440990564,-0.6855305182433115,-0.6865726011534384
-0.7046650238147492,-0.8597030067600948,-0.6910216636270878,-0.6903513283255597
-0.7086592487410883,-1.1264488859948731,-0.6998586775765661,-0.6959172817595669
-0.7115191810182914,-0.770318021981645,-0.7031193327883557,-0.6989909073964946
-0.7136229891137423,-0.8603401520140758,-0.707179322912664,-0.7024785901565795
-0.7147958964333868,-1.263890379143646,-0.7167102748047204,-0.7087146979685118
-0.7154168160801094,-0.9582001049095953,-0.7214136276627074,-0.7128308399952386
-0.7153427780341727,-0.6951616358998126,-0.7224175343656919,-0.7151741798234819
-0.7138239343275002,-0.5621772853216629,-0.7217621414365231,-0.7166016385474218
-0.7132901370365583,-0.24010680834034887,-0.7175031484685805,-0.7160960710851392
-0.7109162390005487,0.27123475396425833,-0.7073791272693104,-0.7124116975997687
-0.7102998935434538,0.2938201235436905,-0.6985118311739795,-0.708851856493449
-0.7082843779453079,0.6023632166478182,-0.6868742370082979,-0.7035162787819965
-0.7039813420313936,0.8832860523127752,-0.672972557079949,-0.6965759684239046
-0.7014320291423058,0.4417690395846557,-0.6653748686888823,-0.6922043636351001
-0.6977001286718176,1.308840606912373,-0.6447892098936505,-0.6811734171982822
-0.693494320881456,1.6711099538505685,-0.6195485740819029,-0.6671012098447584
-0.6863827325411833,1.936842254693115,-0.5915923811911044,-0.6508164238410687
-0.680162898423708,1.5186388688955168,-0.5721008738971051,-0.6377917677894833
-0.6753893592380086,0.7546010842134036,-0.5640755477796537,-0.6299086689387552
-0.6729801442030706,0.06023863791096784,-0.5664140176568896,-0.627112640486024
-0.6718379796927343,0.042210552236678835,-0.5686427623268416,-0.6246470624822252
-0.6702898824478091,-0.0831282868078708,-0.5721881153938208,-0.6231826995955485
-0.6684702059912773,0.3011463861138234,-0.5693925011614484,-0.618968040787104
-0.6656526115621865,0.7552919627480376,-0.5592688361930612,-0.6112387092983664
-0.6653494385292633,0.416824381917236,-0.5547871477346757,-0.6060966819757566
-0.6689346458024104,0.32041171727342777,-0.5521605180380686,-0.6019104868083035
-0.6724296458012042,-0.5759057323865286,-0.5621629879704525,-0.6040646219811655
-0.6736405295323333,-0.5450857561162507,-0.5702057808489338,-0.6058516055397462
-0.6690792114696879,0.8605264539798585,-0.5522865568195405,-0.595310255123402
-0.6659502530169423,0.6794332800056442,-0.5396999268718532,-0.5868203086993932
-0.6640031375100812,0.5952177932228535,-0.5302129617053177,-0.5795330499405446
-0.6632845642338133,0.2585517757150967,-0.5268370316326527,-0.5750800401078908
-0.6642381232047198,-0.4266270008998023,-0.5346552339567916,-0.5762224338375187
-0.6642719509326003,-0.46129288100536453,-0.5418484192504517,-0.5775652096859739
-0.6641617448757191,-0.6958098384988505,-0.5517817204868226,-0.5807060165061714
-0.6644119424102577,-0.6510666324529147,-0.5595690319036318,-0.5833094331359006
-0.6640355823434295,-0.5187941553442298,-0.5644034035738721,-0.5848543664828544
-0.6621764402043577,-0.060284256699191935,-0.5621245608231686,-0.5831429866951924
-0.6584796439797974,-0.12991001076346684,-0.5610987591219511,-0.5820035283069586
-0.6551632501291695,-0.8045228190447656,-0.5697268843933991,-0.5856326324976139
-0.6547836987672534,-1.8671907697276988,-0.598171705880746,-0.599422689841436
-0.6542159673719233,-1.5259000166069894,-0.6176996856773138,-0.6099514573554595
-0.6540652318674857,-1.3244367897740754,-0.6315052403910574,-0.6183595455975548
-0.6533685721507861,-0.9553461504307319,-0.6380852907184696,-0.6236283534929024
-0.6537845042766468,-1.4681618470865976,-0.6540654351296898,-0.6336430210870868
-0.6553871726675043,-1.7191832649191237,-0.673360312944269,-0.6457636232228552
-0.6578776593505633,-1.791010660045686,-0.6913662433616856,-0.6578148496660435
-0.6598317957066084,-1.4793719922036404,-0.7027152645016458,-0.667056162862759
-0.6609974694240609,-1.1610225520426452,-0.70822609927785,-0.6735943782566078
-0.6626928981253435,-1.3229974127758568,-0.7159103584929122,-0.6811385746391789
-0.6632385032080973,-1.1798793108153838,-0.7206736885375926,-0.6872662735361494
-0.6621467611600814,-0.5864319249368216,-0.7170529932654794,-0.6891659495666677
-0.6610978888426859,-0.30950593131220533,-0.7100825587477749,-0.6889978120695361
-0.6594362878692839,-0.09338827014685193,-0.7010540056183121,-0.6872979470795775
-0.657196424226764,-0.2378856932588459,-0.6953278390040658,-0.6866678124502933
-0.6561229789372283,-0.6088866141363558,-0.6955572666727761,-0.6885875309847456
-0.6558515061021296,-0.8057697726121248,-0.6985756888472241,-0.6917581895989056
-0.6554413183074209,-0.5937319690792384,-0.6986216509676493,-0.6934568173182064
-0.6563581773848592,-1.0112303901945914,-0.7045537780583828,-0.6979365844032815
-0.6587690944438374,-1.2887700661434927,-0.7138585606672092,-0.7041983272656924
-0.6625723735476903,-1.8358160520588493,-0.7315010695338293,-0.7148151177826216
-0.6662874665307384,-1.3961651068938257,-0.7416570560170134,-0.7222914460216047
-0.6726859067963796,-2.1257334838041535,-0.7656030015389129,-0.7367868781037705
-0.6788899971914388,-2.235740925708376,-0.788624620947006,-0.7515698379985024
-0.686394221203464,-1.811311455235917,-0.803350626950938,-0.7629128384562712
-0.6946958434803218,-1.6312801398396344,-0.8137561544663028,-0.7724019743751556
-0.7033205311961074,-1.263662710291602,-0.8182986216985694,-0.7790857859359529
-0.7118489481768876,-1.4577197095177779,-0.8256097171325899,-0.7869849031027468
-0.7192595608664716,-1.4795429700014768,-0.8321791659331552,-0.7944878910660049
-0.7250685689302144,-1.2452396969824426,-0.8352836975287413,-0.8002244997911805
-0.7303356950887995,-0.9039128940436726,-0.8342415693491382,-0.8037263429955587
-0.7359423750442523,-1.1879448194615096,-0.8374750322522462,-0.8089987314667041
-0.7424318735962628,-1.2284345497360352,-0.8408003629306805,-0.8141712690078244
-0.7508078530485575,-1.6172395140651241,-0.8494996468200593,-0.8218638242695495
-0.7591763861456523,-1.8584314844813934,-0.8608912142959569,-0.8309747567740052
-0.7669094260151559,-1.4842398884692243,-0.8670996925094039,-0.837718618590744
-0.7731390467708873,-1.5736664916153085,-0.8737047716341588,-0.844629715129208
-0.779028049964719,-1.2512267452955332,-0.8764093842161534,-0.8496061362028668
-0.7853451122057314,0.48152700658492087,-0.857069110711865,-0.8435450733304495
-0.7893133812653903,1.2010510346213519,-0.8262927628582747,-0.8308241996280208
-0.7952577002406628,0.12074364079051839,-0.8157059800606511,-0.826668992191062
-0.8001366585406154,0.2751057863823022,-0.8036943751217808,-0.8213153456923262
-0.8035392173585001,0.27526750161512287,-0.7935276319964067,-0.8163567476042255
-0.8055099484489853,0.7654220865862116,-0.7751473090518444,-0.8069423981282036
-0.8077471526789332,0.3621169416425257,-0.7653687146096497,-0.8010735491425734
-0.8106729320113569,0.0721570119439492,-0.761456744964216,-0.797791190004657
-0.8129253480811972,0.4258403693486228,-0.7515217270165007,-0.7914841012288184
-0.8139143304275397,1.1113778590519945,-0.7276081151254342,-0.7779950189460534
-0.8140468755499972,1.309573603310723,-0.7020819176206697,-0.7628949326530543
-0.7993881934670866,3.04400434653957,-0.5830036251737252,-0.7008296879493321
-0.7826592118870974,2.7556516397831037,-0.48841604215208806,-0.6464058316208254
-0.7661060706661866,2.791161281351326,-0.4051114184729652,-0.5944008800845748
-0.7454734969402274,3.097132642084856,-0.3024008916705814,-0.5303539629477236
-0.7273532170803874,2.517608122206921,-0.2285601968844686,-0.47749743479466666
-0.7056630481638007,2.684849301852937,-0.15067333585318313,-0.4209567341464684
-0.6800849244471595,2.8976896805620336,-0.062423240950739436,-0.35758168015711694
-0.6553720672041199,2.5625918755751496,0.004312512032832526,-0.3028163675470746
-0.6334409555087347,1.9143025235694415,0.04454943830012032,-0.2601144182461285
-0.613148786591667,1.6210035757114127,0.07083484557742964,-0.2244039639265537
-0.5895935184518561,1.9317761077964701,0.11365497045105233,-0.1811878846495135
-0.5703029906849514,0.9460564482321216,0.1207820295492987,-0.15552982952577066
-0.5498626392995103,1.219813690477974,0.14277974873620172,-0.12389624530616547
-0.5296342962841074,1.25984170694659,0.1637666542504215,-0.09343513460819476
-0.5094329729004088,1.3116870478132203,0.18445988282352066,-0.06378261314735066
-0.48813150372497816,1.4210472615597756,0.2080127974692701,-0.03334560877827246
-0.4637314997766022,1.7168596693974214,0.24527722530104382,0.003387677970318563
-0.4375962823149033,1.8700923978931554,0.2865340424480543,0.042197229521760554
-0.41045516864292947,2.0185357295005355,0.33122673656700713,0.0829577109209971
-0.3837820052066768,1.6350082396003993,0.359766016222991,0.11612251691218743
-0.358219306082936,1.1525273195627006,0.3715980818337132,0.14075526839712313
-0.33180772246701035,1.0133383892128047,0.377980027078769,0.1617728945404217
-0.304976802677136,1.1852154246474538,0.3911852102970937,0.18508367856635247
-0.272011469101527,1.7338654718227773,0.4313726282387451,0.220979410544145
-0.24045817722378976,1.2322497131668335,0.4524053229846957,0.24781746390912254
-0.2113313333744464,0.7732984243141244,0.4574071259789643,0.266356062626861
-0.18366163486015907,0.48375923099659857,0.4531557766822655,0.2793366944636864
-0.15463116812233663,0.8103214075109355,0.46366224137906437,0.2983127767985384
-0.1269851915681734,0.3538926130347998,0.4590717417293142,0.3092336389502445
-0.10228414211693027,-0.2915936774054076,0.43350559566629876,0.3086505027444157
-0.07439924393753224,0.33234954891847507,0.4373536399844602,0.3206795743195214
-0.04594778450432829,0.503651020109995,0.4483762855893789,0.33564864767566954
-0.01680583519159269,0.5235783271402948,0.4585817395088652,0.34994228883521666
0.010312620285296635,0.044491368805596926,0.4519931868753727,0.35566761218713205
0.03832974445765972,0.06089873285786731,0.44703220059346593,0.36127167785054576
0.06723224026264459,0.12792611497387166,0.4452071244359521,0.36763100297880297
0.09179010694114234,-0.7175452741628425,0.4156714966173393,0.35971194868870304
0.11935268431712863,-0.13191756247322783,0.41105917578885204,0.3624320445236405
0.1445627453341576,-0.518593091565461,0.3930265245577173,0.35798077002419026
0.16836225392434712,-0.20120095554113834,0.38919531212515557,0.35949592073196374
0.18926417295534143,-0.3861798826836013,0.3794086398082659,0.3576704386158107
0.21166557516949625,-0.5176019147256702,0.366517652401168,0.3537062183712251
0.23562156359527536,-0.0920144249126093,0.3699067614251435,0.35708787714456425
0.25995486947639895,-0.01311920594690472,0.37550643789495336,0.3615666442276834
0.28346471484952523,0.10083148207082605,0.38406676624820446,0.36759900266208534
0.3068709495089463,-0.13057906631759594,0.3847867856820759,0.36996674626956594
0.3296420100702687,-0.43791181723808287,0.3764400066497263,0.3677413516251016
0.35187342263299726,-0.34036809081514324,0.3720993147270808,0.36702346909141403
0.3730523460772343,-0.05874976772348084,0.37632151144515946,0.37025318352301273
0.3923114927758149,-0.3822310587984755,0.3713012473200867,0.36900503362017123
0.3980321019657449,-0.3987450163435693,0.3666171089567682,0.36763416323637194
0.4038262173190957,-0.6174165184614002,0.3570142573480171,0.36358310989170417
0.40663179120337434,-1.2478347313592895,0.3305435698766715,0.3507829768667804
0.4034967692899766,-1.5632237408270935,0.2974028343498989,0.33363205493466236
0.4041410917672998,-0.9341462768785038,0.28362599768812613,0.3247882452721006
0.4033266732620269,-0.7346829285896852,0.2768248239734351,0.31899493138186313
0.3995600940516343,-0.6926113846962486,0.27206475676946734,0.3141214442805243
0.39930489682147524,-0.006611474595292856,0.2854951424277087,0.31822055138664823
0.4010940432217068,-0.06625283321848016,0.2954129332101613,0.32130256248997563
0.403587082940822,-0.18085419615555487,0.3011344893492871,0.32283903485589
0.40343943235496443,-0.11831098757279783,0.30745603926653503,0.3249918508568026
0.4069743235422988,-0.23570983013431693,0.3103331151733086,0.325765868172975
0.41010551590159267,0.32265759410712086,0.32581500402261604,0.3329184772951277
0.4130848026149169,0.3739557246847401,0.340189880027187,0.3401700936438367
0.4169180798925465,0.730847775439593,0.3614646719893587,0.35137896189486195
0.4207548675947642,0.951594290965309,0.38553506734846243,0.3647510330607916
0.42277570201805403,1.1003346180876057,0.4101037560507545,0.37920502540336487
0.42247593303322667,0.6645920667951825,0.4238346115476517,0.3891068262620067
0.42060987642147857,0.5705262602070408,0.43390816898798357,0.39751312605726163
0.4198840695430265,0.5047688347771606,0.44140101672504395,0.40478820809115323
0.42085464875438094,0.5015315062338968,0.447693418834461,0.41150086621104176
0.4221353154713348,0.4019749520599972,0.45163061748473315,0.41703205339282967
0.42358044026158637,0.8553359954779374,0.4639565871096996,0.42659024780066407
0.42226169075664005,1.2459890563410725,0.48341075228611186,0.43989195307060985
0.42101793668615445,0.37689237684321375,0.48744231859807774,0.44607715825049704
0.42413466184107207,1.1305022515995007,0.5095950578504355,0.46104879986200864
0.4286523655375733,1.188084386753469,0.5299884046365329,0.4757246977048284
0.4328878523722189,1.582191865761276,0.5593069829431366,0.49526365948828927
0.43791999283616545,1.078408570433451,0.5763961024580391,0.5095477755978645
0.4505660314865101,1.9763645530869856,0.6242406165586973,0.5392414165112587
0.46021863534865454,2.05625907450674,0.668555808977042,0.5686254343341068
0.47145422794865205,2.414810170978953,0.7252686142078963,0.6053112295110773
0.48424164097117856,2.6049069556172717,0.7853582789180605,0.6452490803208584
0.4941825251558541,0.893417031239858,0.8003923538276034,0.6645640239509868
0.5036063131605202,0.7703784864389587,0.8099876170945335,0.6809063258887019
0.5102095281939999,0.10519157722301722,0.800080000078406,0.6871460418926815
0.5190080351153235,-0.29057411897543073,0.7795824157646156,0.6869479627822448
0.5229914096383746,-0.7196842464501971,0.7477929534318323,0.679639079784841
0.5300070463731501,-0.46353713687278353,0.7286946372032578,0.6767193376114009
0.5342582769301962,-0.7197749768662045,0.7039685586729394,0.6697905288785446
0.5393833904575679,-0.7266095038702373,0.6828218414499031,0.6632641514794068
0.5471023886287034,-0.22935965383261184,0.6790783867116518,0.6642009581756029
0.5532172291379336,-0.13868908459270135,0.6786058880267066,0.6663977573752841
0.5593069647925153,-0.04974300780671942,0.6807564832171117,0.6696898704564707
0.5638070099895601,-0.34652208066851065,0.674901162388108,0.6689522395906986
0.5699830169878909,-0.1334091270785777,0.6755444650586808,0.6710304840083665
0.57707279814508,-0.23057170571593238,0.6737415052368916,0.6717969324277908
0.5831435987821655,-0.4257824933017247,0.6675682686177359,0.6702140524049714
0.5871955861495172,-0.700387460705106,0.6556390889665066,0.6654407079895448
0.5937791215299923,-0.2658471011221303,0.6552613137119911,0.6658136396583423
0.5999115141621866,-0.42700052489390966,0.6512426134709834,0.6643343147502938
0.6069312995805661,-0.3902360930154507,0.6486207589959269,0.6633486226249838
0.6156924683494288,-0.6558442843043364,0.6406513607959053,0.6595991884363249
0.6257300487751256,-0.7257496517404343,0.632397016594614,0.655382153743845
0.634075710924128,-0.6103726894491361,0.6274413526376913,0.6524782313025271
0.6420474596658662,-0.4845839675111236,0.6253999759714539,0.6508508734053856
0.6493996716554217,-0.6759835727232819,0.620186723492257,0.6476245497989341
0.6541265115563891,-0.7611103927359603,0.6142460381459969,0.6438827687765707
0.6602068860787228,-0.22988707192791594,0.6175621571195471,0.6445334457170075
0.6672948588353793,0.039171662610633325,0.624984985096144,0.6474132988840093
0.6745704797429339,0.2012481366414569,0.6341032095914735,0.6514794225327172
0.6820124735008267,0.10988145171458312,0.6405499689250189,0.654618557705946
0.6871635428948863,-0.1456640287738799,0.6424835951782393,0.6557881966472835
0.6922348299118573,-0.09767406425005835,0.644817542703326,0.6572154014141224
0.6962862853966929,0.026189105560387883,0.6485280794155219,0.6593930374365878
0.6986144415365101,-0.4711264586662501,0.64527291077772,0.6582549699869806
0.7004311394509696,-0.4308224585192141,0.6430209241492923,0.6574490167878677
0.704235163190331,0.12626379857981782,0.6484303955025853,0.66031104193294
0.7087281875381995,0.36345698655304454,0.6564458744334959,0.6646570470056153
0.7168165249269792,1.602348533208803,0.688199828898343,0.6809989098325726
0.7233258095085098,0.7381941060525944,0.7036005991821095,0.6904734496757465
0.7322109069031059,1.3461341527339707,0.7324275854220067,0.7070376692095717
0.7410354760676174,1.619238263280597,0.7653763832767705,0.7265956992860698
0.7472636075523166,0.9773654212277202,0.7835022910725151,0.7398936959182005
0.7564926201803849,1.2933900823552178,0.8081133662768328,0.7567811387565043
0.7653584634279768,1.7565045370960228,0.8450529685157284,0.7803666495153904
0.7747329991118699,1.8912993277943664,0.8816373173957153,0.804833117154667
0.7817171484018055,1.5499633110494702,0.907367866350985,0.824909695495877
0.7877423135191985,0.693363576479341,0.9144852530493556,0.8362704196980101
0.7891938208996027,0.7044105928445852,0.9208138592615374,0.8469406494436669
0.7912586951950372,1.000196082609736,0.9344362899841008,0.8608985898802913
0.7898927145228506,0.6728222542430972,0.9403651572234543,0.871061372843043
0.7849299315387206,-0.054188653904574176,0.9314704687775291,0.8736092530780414
0.7807360379166711,-1.2102104513840675,0.8936940439557072,0.8610468735832612
0.7778054716416194,-0.9447973912443736,0.8677403237154632,0.8523800677320036
0.776747344568476,-1.0959901376913086,0.8412949308976467,0.8421431468381257
0.7768025539734245,-1.2334578733144157,0.8148558816670538,0.8306607607638594
0.7803080852459983,-0.7374789277791683,0.8029929569865792,0.825212500967602
0.7837869160163603,-0.4059516934690361,0.8005624498893723,0.8239203037628422
0.7890241503776689,-0.22975690259834827,0.8026572901738648,0.8247716023902147
0.7939911884219264,-0.32716601055013556,0.8022510425676609,0.8244851002109042
0.7967979324477524,-0.39576445162659296,0.8004332162247799,0.8234927000057553
0.7989389723191797,-0.49825461737449867,0.7967754908045497,0.8215282907138959
0.8009756568413855,-0.40137963428873225,0.7954761598625807,0.8205951442839368
0.8056923909745966,0.18688092453317662,0.8060847242195056,0.8255063381789861
0.8095089671412861,0.13396358260648425,0.8141487503196506,0.8296036539181804
0.8133071401730109,-0.015134976216546445,0.8184917662787845,0.8321739594641114
0.8176758103891224,-0.04775029690459443,0.8216450053030162,0.834296571569463
0.822803264199558,-0.12797167096940296,0.8230952464677563,0.8356612059625759
0.8266451579739194,-0.10102659631112425,0.824740901077094,0.8371312038749794
0.8304352463914205,-0.389873778579926,0.8220596593899728,0.8364828649486161
0.8347749821987873,-0.05990660414669987,0.8245447422268585,0.8382274764986015
0.8394118275784018,-0.32428841371888895,0.8230453987186982,0.8380660424500209
0.8430925609510612,-0.8834564925393094,0.8133507807020742,0.8337602915705861
0.8465488399028466,-0.8512004796223757,0.8055530908668218,0.8299734812632639
0.847583351392366,-1.695611208856866,0.7835918561963966,0.8188889564998164
0.8505641273767302,-0.9053384444559824,0.7755994028368582,0.8138493137181735
0.8519162791035566,-1.5306641412624804,0.7555283073646164,0.8026184011686601
0.8514220538716473,-1.7351573527624888,0.7335342833744318,0.789747729973831
0.8494996177134188,-1.9569980142745322,0.7092115170291814,0.7750126604941093
0.8468659482576223,-2.0448241788859964,0.686324197540553,0.760231339131214
0.8454761392488193,-1.4550421405504455,0.6746853752817271,0.7503566201241405
0.8447348014009513,-1.3688032085990123,0.6660057867003049,0.7417898210233096
0.845182220971644,-0.7202054321387122,0.667956829902087,0.7384427086041432
0.8447328866239032,-0.9738551203089967,0.6648577335682093,0.7330005025634018
0.8433305251877642,-1.589503080479036,0.6489479434669394,0.7214070927330508
0.8419617787265056,-1.5356867816452742,0.6362313154370854,0.7110401886968617
0.8396443666134763,-1.5009064291342455,0.6259250093799318,0.7016651079883938
0.836752946891449,-1.5361637083440454,0.6164910995968003,0.6926326819722957
0.8289632083459647,-2.0152391119453217,0.5980538366725673,0.679112310330484
0.8233551454959642,-1.6533230045429028,0.5867637548067125,0.6687197815480161
0.8155966816423041,-1.632618725463432,0.5774537238340395,0.6592169914500786
0.8067472203761442,-1.5723094109797415,0.5702422641219582,0.6507467580108849
0.7992928869439235,-1.5400244818032558,0.5644764665596907,0.6430697904081295
0.7915862284471159,-0.8591561364565684,0.5670465805188803,0.6396357980350218
0.7817828890805262,-0.7772377140573942,0.5701722113614801,0.6369252364413001
0.7716621222296526,-0.5138408901714109,0.5758489920217906,0.6359110634163517
0.762109405903625,-0.6035641169175724,0.5795353227554811,0.6344209815245156
0.7542045679821393,-0.8245532623239181,0.5799179407380463,0.6316913975218462
0.746702897006186,-0.51422477887906,0.583463740452601,0.6307533474502399
0.7387065752923152,-0.09368183865923949,0.5911540021084286,0.6321982095087129
0.7315523299744299,-0.050471627893027844,0.5981535318451933,0.6337789242167644
0.7254451485733997,-0.6359942556757905,0.5977375199986846,0.6321158552857938
0.7230477413302738,-0.9187561899674244,0.59396574048225,0.6288891028358882
0.720214403178767,-0.6285075472257587,0.5936323772942712,0.6273112085020865
0.7182442039707978,-0.4525812265677722,0.5951082699947536,0.6267173508332242
0.715959449444117,-1.0031885048157085,0.5900199501291713,0.6230415479590089
0.7121460645725076,-1.047944433155554,0.5851674394560482,0.6193682028693973
0.7056776285680494,-1.8605753618197365,0.569466565394705,0.6102475254267865
0.6993974789734975,-1.2740665047987034,0.561694386613875,0.6045219447720283
0.6944036340505436,-0.6158702927590726,0.562242126858135,0.602734643515897
0.6894176609888055,-0.7237295766035631,0.5612884530496457,0.6003806974744841
0.685560555374544,-0.20680426399334784,0.566526296691834,0.6011828427842626
0.6801931161738339,-0.8902391831522575,0.5618307265010005,0.5974231917714826
0.6728690939575147,-1.0537548894984416,0.5554148592295229,0.5927371235619494
0.6655163500854511,-1.1300092784267446,0.5488658719976769,0.5878456207247421
0.6582467926385641,-1.260851140543077,0.5414456637600912,0.5823897144581835
0.6508443709396962,-1.3655955516592735,0.5336844847805543,0.5766066544961914
0.6440156377203105,-1.0470940183601718,0.5300485643298725,0.5726978611834431
0.6367584199477282,-1.2552366615965074,0.524291594003859,0.5677564330082243
0.6309120737315168,-0.6143738648206221,0.5255505078918428,0.5662048859352927
0.6242408841127526,-0.7191744879378992,0.5254040133724092,0.5641705570826105
0.6192186366635622,0.04653241095667155,0.533603675400256,0.5663927207749819
0.6166805996837551,0.7323054555677183,0.5500825847026781,0.5731564489550826
0.6149214514573001,1.0917219041190822,0.5700649207768244,0.5823978492173417
0.6162000970207058,1.437405368757063,0.5935802459920619,0.594213840182958
0.6154400369083496,1.0192140021353961,0.6093233282457234,0.603105277041181
0.6159362832938071,0.6180677021374522,0.6184221942511257,0.6092553975026351
0.6172120566916407,0.6584521092646917,0.6267482565701897,0.6152592453089157
0.6197325415484839,0.8719702542063591,0.6370831352348567,0.622441102098475
0.6226261951770673,0.8977177468614522,0.6462204020695688,0.6292845140728526
0.6238664388229724,0.44201021453637696,0.6497212690796125,0.6335341407065481
0.6251539136361025,0.5573944879719169,0.6541937790758782,0.6382139370526689
0.6245290580587758,0.08054225628976162,0.6534428807668445,0.640309934211156
0.6246141592610007,0.11428335446231302,0.653192181257986,0.6424404219058012
0.6266212711154304,0.17103618183873062,0.6535932244218865,0.644715556535534
0.629177923983218,0.5911450536462951,0.6586525429538638,0.6491503900813924
0.6310140887976896,0.04777243510487334,0.6581766015778338,0.6509102740713019
0.6333906462462635,0.335443194177024,0.6609690006701242,0.6541158563366889
0.6367668236914522,-0.02221226288059268,0.6601066764571998,0.6554931275437662
0.6400582190639317,0.31737093076546335,0.6630745230602831,0.6585922516718727
0.6438354359245967,0.6356955306664491,0.6693425235322091,0.6633149054962711
0.6468494013778331,0.08574328776735692,0.6697923746806225,0.6652934728486831
0.6497351831452086,0.021246651582005515,0.669582155649538,0.6668340242940038
0.6521049324976141,0.36887014172891985,0.6731210173595105,0.6700938213071416
0.6519866418265248,-1.1553903656268014,0.6590719846856901,0.6647051067645048
0.6498274115731176,-1.8370550565186015,0.635455570919987,0.6539300914172445
0.6493397816843764,-0.9059191215442118,0.6264449493304127,0.6493656425157911
0.6475947815327974,-1.5250506662792975,0.6069902520225315,0.6393037422051255
0.6457570210707779,-1.3273158105468572,0.5930797561916469,0.6312455870907238
0.6392855001477319,-2.421634188352703,0.5524863345579086,0.609566775454781
0.6297889506151689,-2.9329248278364592,0.4967523780925884,0.578944863292633
0.6204428174575278,-3.038056256596138,0.4443420492946125,0.5480011590858431
0.614087991558031,-1.9121163511102333,0.4182092558182181,0.528334223963504
0.6054143706509649,-2.26826996142192,0.3821847004916208,0.5032616153612869
0.5962707783546141,-2.308053445926877,0.35006135670083194,0.47923676529654413
0.5889457987497786,-1.9137154842686177,0.32969575487489206,0.46035351690108467
0.5814588077312017,-1.9640066329299894,0.31074459026678863,0.44202122650052256
0.5757341562341598,-1.8925552436423219,0.29585993998689014,0.42561461429517644
0.5703604408197896,-1.4006920985261773,0.2913165042365575,0.4143947655104309
0.5638389229404313,-1.4456113513028237,0.2862949500924416,0.4034253829057488
0.5588034848048967,-0.8933587990163427,0.29137664339318914,0.39787111309298184
0.5533322221374736,-0.7308848492269496,0.2985693011197909,0.3941551875524954
0.551088848070381,-0.009981277108732143,0.3188730204658513,0.39772766041513824
0.5483724176954159,-0.3053063159762966,0.3301890899907326,0.39814296298550184
0.5454115341170641,-0.4486921049211876,0.3368760784591553,0.3971028625187731
0.543366233098134,-0.20121596369230801,0.34727735434627066,0.3984794189133677
0.542322892358875,0.0880221643944972,0.3618424188783996,0.4025972159483685
0.5402004683754359,-0.18828407794096552,0.3692936288939676,0.40400624323875606
0.5385943959364903,-0.13100795701395992,0.376652511101667,0.40583081199999393
0.5368512041854515,0.1484213225603834,0.38801775937142446,0.41005490247528814
0.535604577949386,0.27571863864021884,0.4000141135407128,0.415139888292265
0.5336815035321493,0.4594879171608632,0.41359618453285113,0.4215407747908303
0.5299840690485653,0.22007915767972056,0.4217966490756073,0.42584364460084445
0.5242476097597192,-0.3627366912864331,0.42002720877639926,0.4255322322099462
0.5176187579890672,-0.3527042377853395,0.4186830911030801,0.42531940773836524
0.5120651599085068,-0.11018435604325241,0.42116786982385185,0.42690903013425613
0.5063458272366088,-0.48418173753180976,0.4178495209371352,0.4257069515720678
0.4999427064048398,-0.7637820727590984,0.4107233146740626,0.42246378702579784
0.4943418771570391,-0.13103753034351506,0.4137856493798301,0.42394577808001127
0.48787184550503293,-0.518288594633537,0.4104828502516019,0.4224106488786425
0.4773625916660035,-2.0075497428168507,0.37424444406898877,0.40449240403676495
0.4682872930844451,-1.293122944155865,0.355462279722516,0.3937620422710377
0.4614530282869231,-0.6888038436451567,0.35124228716207717,0.38958428352300994
0.45552189999799475,-0.3642747126729141,0.3545879984079392,0.3891276859231665
0.44716347266865636,-1.04046634010823,0.3404770851856409,0.38034795914782527
0.4395726581833663,-0.5705801464992155,0.33880869979871814,0.37728527592106414
0.4332414478674857,-0.3813270951152042,0.3417499825149086,0.3765966644216865
0.4277813547328663,0.012794355568000916,0.3537341021722016,0.38064283993617876
0.42182714274282995,-0.2883270463003287,0.35707574778229506,0.3810356645816639
0.41324213346257693,-0.8923822570690193,0.34457395612909075,0.3738378701454027
0.40440086318712526,-0.8039057917162035,0.335898893803802,0.3681121266136659
0.3991504381394725,0.06741341653668094,0.34967485988463715,0.37322662594812545
0.39383533617813876,0.021752962617964968,0.3602728182620953,0.3774400826222788
0.3898852575004521,0.5089082980537551,0.3828293852943097,0.3880445252322392
0.3860650645326666,-0.17695585903184802,0.38581163587539247,0.38991977695085855
0.3851339510038368,0.14892647489625765,0.3975011380073392,0.3961774742447224
0.3837781824759221,0.41379605296377303,0.4152934998950359,0.4058690948803715
0.3833170403363693,0.17862186689662485,0.4249885001857118,0.4121988469746048
0.38195488921828663,0.004924721596511288,0.4292267219331935,0.41610378982177587
0.3853406405487312,0.2157759457095971,0.43832839381573185,0.42244010719210606
0.3917347193777603,0.23031901957159714,0.4464014054855475,0.42849036581923616
0.3959921197719665,-0.6753291022956498,0.4325283845812097,0.4238797549800135
0.3965101733405001,-0.997150446591961,0.4119598220621627,0.4152551588969056
0.3980491222062007,-1.2223811549690924,0.38802693298647634,0.4040489918273182
0.40038663947826586,-1.0178735494576712,0.3719105243151429,0.3957123397462637
0.40377760325734646,-0.3630476686996316,0.37270814473297403,0.3951133808742818
0.4040422679962613,-1.210430206218444,0.3490538370708928,0.38255788707703003
0.40515890214592554,-0.8998791115838056,0.3363513441090367,0.37453956946706296
0.40726015720530456,-0.31364621748570753,0.3407754709710594,0.3745993044388889
0.4121010327172647,0.29273620635362574,0.36315574497521386,0.38384760248916483
0.41369923329501784,-0.2120702438715576,0.36797144455102687,0.38544513416145904
0.41432653553190846,-0.3523400707844194,0.3679171552631582,0.3848875581095726
0.4123064457441348,-0.5214717336247277,0.3629419801220797,0.3819398328060393
0.40978787566434743,-0.8363873053217352,0.3492630325336819,0.37453958174209956
0.4071764388976428,-0.9521300571276887,0.33412874686999783,0.3659315547646084
0.406271600365009,-0.2855538248986429,0.33840858132576807,0.3663890769797754
0.40495061695350654,-0.18589270136881086,0.3447842597526012,0.36817131568865624
0.40431937878601965,-0.1814921333066071,0.3502944673703219,0.3698784615908778
0.40533516801105074,0.29690007690812215,0.36792283943579995,0.3778548517510752
0.40257693167050473,-0.5614935219333639,0.36068258696830213,0.37431120160232584
0.3977449917847922,-0.966786096623671,0.34193807788817016,0.36480587817198373
0.38561094324232886,-2.105527996333578,0.2766972527980778,0.3316468780539309
0.36700611841233555,-2.807730457239677,0.17140250986684538,0.2762356682142912
0.35149653068369185,-2.3453852549335834,0.09598449742173272,0.23167572867897424
0.3343133214368339,-2.5040108731792063,0.020218142669618147,0.18452138530061532
0.31600209575450783,-2.5638756645421723,-0.04842794900925168,0.13862242914096543
0.3038104975240399,-1.3492361959623553,-0.06767467751830103,0.11528127275370127
0.2896622099014627,-1.6576073328868626,-0.1024302035392971,0.08455845434232954
0.27759081711913214,-1.02653560728143,-0.1077256962133369,0.06800566324010475
0.2687224208354761,-0.6208041930686459,-0.09493531540385865,0.06119838167675567
0.2650487083120162,-0.5257613807470101,-0.07998665089014707,0.056930597240241444
0.25816019149806985,-0.7663505398908647,-0.07870726428251192,0.047370706251723085
0.2511194499086536,-0.5044873677533683,-0.06705304100782054,0.04373365342974977
0.24215988896211263,-0.6621923147834269,-0.06415287175569835,0.036932303438845994
0.23755431827431453,-0.2940735875210515,-0.04715120604811928,0.03781070695423421
0.23445450698333714,0.18879757066494868,-0.011603386019584199,0.0490625477092799
0.23618886948464385,0.914773980411854,0.05779096282781824,0.07887408535798121
0.23817874834561756,1.0937467563254089,0.12785258340502145,0.11207269671934392
0.24406551763288545,1.4080626639166156,0.20852040039361266,0.15336071060955472
0.2489677723869386,0.7957046074035495,0.2543280936078583,0.18051656732338678
0.2540249113290336,0.8457998718801788,0.2961120026340922,0.20715231083308186
0.25656390569735704,0.8962402929074854,0.3343719216386842,0.23324764567132106
0.26161721508535585,1.1871845020502505,0.3838714740391189,0.26585764426529596
0.26427364911274465,1.0703084484413643,0.4220097359592475,0.2942043059497165
0.26776981925307825,0.7560414076094176,0.44424976202533617,0.3155033047398804
0.2676194028781486,0.25136603437797783,0.4458609195300659,0.3267367214824178
0.26625140105242157,0.22533806986192295,0.44631944873648843,0.3366917422572869
0.2658469575888572,0.2647386998586246,0.44831614995067404,0.3467028868500882
0.26613662080592815,0.29213183423957023,0.45106044790917066,0.35649275853866175
0.26709305194241445,0.561338955819953,0.4637203285597584,0.37065678489227777
0.26641905042080716,0.16042925927149404,0.46301227466879075,0.37813833843088945
0.26919228584825305,0.2795634390804046,0.4666407412032783,0.38715105075698364
0.2727969600214044,0.1754690667034266,0.46689438456658494,0.39410680830169287
0.2788308480120217,0.5020041767506281,0.47814920659770893,0.40599313763457645
0.2881922993860474,1.1923673845718472,0.5158731138905069,0.4309095401999434
0.298131056040667,1.555868655188354,0.5664031978634018,0.4631599887362521
0.3109635727003778,1.4158658940465207,0.6057588870702418,0.49134412882788614
0.32225990628346,1.2549976624726626,0.6352623335524752,0.5155673469361324
0.32987369809334255,0.7822665879078023,0.6487657520186614,0.5323428534582155
0.3353952768465782,0.8715472533746588,0.6636968890508308,0.5496047280855261
0.3421341219211111,0.64659493833569,0.6710131672834682,0.5629648470708185
0.35132526451419477,1.0103298211931826,0.6908106231345281,0.5820471499312609
0.359762623208598,0.5711484765651637,0.6971814504588131,0.5945953665769236
0.36722738153809076,-0.052012170639827986,0.6860687814624158,0.5980734490001786
0.37317074312484694,-0.5309906682019272,0.6621026904703537,0.594110355901715
0.37838861696264353,-0.1463985622482192,0.653662478465405,0.5962805584811048
0.3821673230943485,-0.3981774807833176,0.6388664778972837,0.5945143680727354
0.3855636056985575,-0.4857537328431006,0.6236963675832115,0.5915716319432713
0.38612686928076,-0.7346850494077544,0.6033366275109571,0.5851357538855799
0.38976920073590343,-0.7301797054655969,0.5862214805292827,0.5792320144146702
0.3953969432389007,-0.6560894963124311,0.5734804765841351,0.5746243956000804
0.4098908481190134,-0.0652133975779276,0.5774427188320477,0.5776304244752793
0.4309886062916296,-0.16203288366492696,0.5784657875940186,0.5792646610585142
0.4502338176683576,-0.15052911679233713,0.5796107359257909,0.5809156012786915
0.4717882501673989,0.05070652923229904,0.5853295174034495,0.5847872775055457
0.49504449395789074,0.36645987025639815,0.5979404799147862,0.5922058635149126
0.5137170806201529,0.5858433753630558,0.6142991134380729,0.60188056199762
0.5328409164072038,-0.16925604877196626,0.6129347924876422,0.6033378150555909
0.5501718826164194,0.27377040544476067,0.622926738363176,0.6101853074158254
0.5656765770259351,0.4258393263997618,0.6354444095330376,0.6185297132358847
0.5828755299952013,0.9778412631735578,0.6624157885116686,0.6343355522478726
0.6015534354826073,0.9416646184334304,0.6845645415995528,0.648638526596438
0.621755503501822,1.5525826559982612,0.7249007345687432,0.6725341835629963
0.6419586352860684,1.180364263282587,0.7520779563128038,0.6912298783679829
0.6622621864889245,1.571625401307361,0.7903480116163794,0.7160749039107476
0.6789031947011245,1.290458754775612,0.8174033730858288,0.7364519049388409
0.6905976955341031,1.3851802240001885,0.8438369290035447,0.7570659536631545
0.7009886587020433,1.4378917642194082,0.8681194704081938,0.7770979887483023
0.707691335765624,1.1267379056547664,0.8833761720883546,0.7930367330905986
0.717683280671636,1.1702264035881738,0.897625130668857,0.8084555377585982
0.7299579589507806,1.7329405591407332,0.9292150188607486,0.8323673131715716
0.7409795220271762,1.3643103047909562,0.9497862617595839,0.8514699551064788
0.7490327551700433,1.1095997767126737,0.9628504755579242,0.8670156932128832
0.7578064763662341,1.157739246911891,0.9753696564551734,0.882132461582712
0.7674797172699148,0.9366770768787016,0.9824376388101553,0.8943906041361608
0.7806420010882373,1.2223319025080064,0.9964448883340937,0.9097000509694535
0.7916302683192683,0.26475438029325266,0.9916691723341672,0.9156733491453654
0.8003076124039382,-0.43066735307492326,0.9725234947083253,0.9137534735874733
0.8093752518773043,-0.2605511395770532,0.960200839860719,0.9138884868500637
0.8171571185615805,-0.21360942293641122,0.9508126032217827,0.9145258230095747
0.8245001821718959,-0.8521152594367057,0.9282748732227449,0.9079172293297448
0.8287917294234907,-1.4791539432219103,0.8913624448382101,0.892997195858987
0.8345086154358246,-1.1083435309152405,0.8676208010425462,0.8828779129690272
0.8393249179756367,-0.890534781519507,0.8520585848035327,0.8757411797050045
0.8412158666890408,-0.5607719077913297,0.8459339729343512,0.8726074082496817
0.8420866647407785,-0.0786725892673893,0.851983378408487,0.8752460763943538
0.842131342871947,-0.4771099933697108,0.8477267830498424,0.8730647107552572
0.8419277382456327,-0.7019068799906779,0.8385318597168973,0.8682859687910692
0.84500776350709,-0.16776308228424452,0.8430388602355429,0.86992218895527
0.8454944360072993,-0.7673017354842935,0.8316016120209625,0.8639143955812932
0.8462782180797719,-0.8823864005676391,0.8187549797034932,0.8567884668579887
0.8453903997875784,-0.8102726993720183,0.8094019144364829,0.8509387570697788
0.845254556993525,-1.0046659626318775,0.796545465252694,0.8430844564504234
0.8452597694421533,-1.5498506957236164,0.7701837229959231,0.8281745350831085
0.8467211698373291,-1.6781442087786382,0.7438462290879625,0.8123804766854257
0.8442866371947347,-2.1464032024148603,0.7052226989525319,0.789697304167853
0.845046271801075,-1.3443849551198839,0.6879882991659874,0.7763139509844326
0.8457277196778822,-1.4447633689155936,0.6701894542791834,0.762335650765982
0.8484264915533833,-1.0952133792226115,0.6621953910362601,0.7528784800686914
0.8515272602328847,-0.9476475105642483,0.6584508901465893,0.7456113747759446
0.8558719957358797,-0.4471962357756513,0.6660203117176254,0.7441792434929699
0.8583490789795787,-0.3914330280823054,0.6736607861518091,0.7434626716755645
0.8618270587379323,-0.1661953588207922,0.6850350378809424,0.7452207634550448
0.8662799791442524,0.1560262812014519,0.7019897902684243,0.7504644943044368
0.8703464337159648,0.24061905104922562,0.7182910425593457,0.7562841080371332
0.8715309360744133,-0.41845779280384915,0.7190131199663471,0.7552249483748458
0.8722438713960293,-0.30748605643051,0.7219013903632522,0.7553675625266909
0.8750317867808594,-0.317708589216646,0.7241460493089269,0.755401322382288
0.8781071314761888,0.3180204479044861,0.7392705364185559,0.7619561722380784
0.8810916306381491,0.46605933171857866,0.7554741005145398,0.7697055204851607
0.8812081129086904,0.20663783005120398,0.7648218135919788,0.7747287031437731
0.8814472472869409,0.21716921820454035,0.7729452968119714,0.7794852989672763
0.8780085204581117,-0.09309887201292073,0.7748143788386435,0.7814209122593337
0.8761160824736676,0.13817761220437114,0.7806258068978056,0.7852996332250209
0.8735196447938474,0.643074574179006,0.79572554238243,0.7939137130399461
0.872828303902284,1.0059901138915006,0.8169535729940428,0.80605851124971
0.8717890054701367,1.0484560730773036,0.8359397602101566,0.8178088081723832
0.8704913185127349,1.0505258109446851,0.8520519260168459,0.828711862179777
0.8684766539266129,0.27741626147653303,0.8552098007039723,0.833640021859904
0.8666476163378409,0.4190938682889571,0.8605638094724526,0.8395260667810366
0.8626100961748655,0.6061389919093652,0.8686546854866304,0.8467324305328867
0.8588485166601086,0.29469173797370635,0.8713378478523802,0.8513515195541589
0.8545863293232745,-0.25194386936037,0.8656454231515381,0.8517006374248541
0.8506842264483443,-0.0014136904925591536,0.8648978586494334,0.8540310658220266
0.8471995449703147,-0.03731240180940695,0.8637590704765712,0.8559391594397046
0.8426753523071375,-0.0031120198075483864,0.8633040221342067,0.857956761740697
0.8407388744505487,0.14216775025093012,0.8650062331150877,0.8608544932672789
0.8399672192993962,-0.38449534696892684,0.8597662823557181,0.8602423867220437
0.8389407924240774,-0.229123690838625,0.8573674138192307,0.8606793967067142
0.8373316350665362,-0.4777230436615762,0.8521617170616759,0.8595174630081436
0.839334279107846,0.3484899972960619,0.8592848665990265,0.8641280140339105
0.8472647537665038,1.5169046856902983,0.8903422438649531,0.8807436687543545
0.8608107376303543,2.6287620937409515,0.9647268335186329,0.9198574788313437
0.8786923086179597,3.068058092881924,1.063550985232605,0.9737741904257449
0.8921788280167496,1.8791266882608615,1.122428292693729,1.0114919987291595
0.9064140252421075,2.1331398911256927,1.1888940213589898,1.054627118845087
0.9234795820768844,2.2877679277689134,1.256229078019872,1.1000398024071965
0.9401288876562927,1.911174400270468,1.3046012321496347,1.1378446442664523
0.9553722149984815,1.946193488102141,1.3476503117298746,1.1738942681833204
0.9751748392497677,2.2244773249996377,1.401800017249461,1.2160160719643534
0.9982993889298181,2.502368318151908,1.46847536131118,1.265305585128261
1.0206237745559794,2.3064019955961603,1.520623056716842,1.3088378028501497
1.0419029046658337,1.7489789364497759,1.5522460602917558,1.342978550341351
1.0649038448496664,1.6168441652737462,1.5759735089963474,1.3730955063437829
1.087206529669252,1.2227389190847917,1.5869691503609393,1.3965019685151416
1.110329164572262,0.7950242367192042,1.5858653611855307,1.4130407539036671
1.12549760285649,-0.5521670452302904,1.5428509105528303,1.4075973574824716
1.1419039445035517,-0.38841939843155093,1.512191125326269,1.405387100920791
1.1573628970168748,-0.382040752322786,1.4864628793333001,1.4034464473357733
1.1730370491953086,-0.23997866474112287,1.4692689305301363,1.4039068069306107
1.1884453664933032,0.030198437547303295,1.4635354394554678,1.4086813673032108
1.200977795038671,-0.5881722452850846,1.4391201727667615,1.4034519721462184
1.213260877061524,-0.4858646339966002,1.421566974843251,1.400141977742256
1.2242034023963704,-0.5612193996718843,1.4043492809619988,1.3959105876607438
1.2344875635555175,-0.6540827789194911,1.3869738670875578,1.3906082209098394
1.2468954252161202,-0.5637427270645197,1.3745596465584753,1.3868272525976335
1.2603060981684333,-0.19419954497270828,1.3735852689236512,1.3880272122295652
1.2725672666317178,-0.5180178945418665,1.3642479160275998,1.3849391276481076
1.2833311858183905,-0.42004322432451785,1.3587436103383235,1.3832619299868654
1.2935894974873574,-0.4303821351601862,1.3538353121677515,1.3815852524600352
1.3042856548417612,-0.4827935169646189,1.3484857944842663,1.3794426520593603
1.3165600139913822,0.03898160681511118,1.355587265147667,1.3831945132530479
1.3279425125417212,-0.47773176378077686,1.3501413204290322,1.381018095662414
1.3378959491537172,-0.7307042396104686,1.339427636150823,1.3759911887774372
1.346845191579494,-0.5882279516810812,1.3332819017063793,1.3727768447151154
1.3561019684747904,-0.09454442524050202,1.3387571927602178,1.375066530694224
1.36549150324556,-0.006868223131111224,1.3453742900666334,1.3781653386636272
1.37344144480423,-0.5029371077359253,1.340608662705979,1.3759219924853385
1.3838297485595827,-0.16602972325583493,1.34373579818855,1.3773764393729373
1.394278899674528,-0.02279243418420491,1.3495038661858827,1.3802631570854202
1.4051336643945773,0.2686214448160589,1.3608786390585381,1.3861393963491984
1.4180002215351688,0.6924031080262864,1.3808904677777458,1.396703976923028
1.4328168727247013,0.9212763036777287,1.4039645210161453,1.4095151583468524
1.4463047750180313,0.5895342547184083,1.4179478470452198,1.4186442103474337
1.4615868234072364,1.0520045245420078,1.442249548824788,1.4332479588193126
1.4777394570951712,1.2768579965361484,1.469617445400073,1.4501266183027157
1.4934480752605093,1.2041050724782378,1.4916508731248828,1.465200558426078
1.5099804730633604,1.154699822280793,1.5095721212413529,1.4788015606716387
1.5261793805300037,1.1272688655142544,1.5243592717992467,1.491209126676138
1.5427993261946515,1.1170806690039563,1.5367406862831066,1.5026330988584642
1.557103242640802,0.7080355579895191,1.541994906618747,1.5106348105139893
1.566417356471103,-0.0519266167759625,1.5353828895453414,1.512589261218935
1.569019538482075,-0.08000017475395689,1.529350344598737,1.5141830027699321
1.5675435645060232,0.28743671215641614,1.5306345822224539,1.5188100504979045
1.567988218287636,-0.4049014464388829,1.520868765983323,1.517741138659408
1.5669618977888249,-0.05654776529909509,1.5186132525205638,1.5197149144932045
1.5654395436575488,0.34185845998015874,1.5242120776211217,1.5252456376093761
1.565297956532359,0.4128538009888015,1.5303320704982566,1.5310486375400318
1.5651565821601616,0.5250319858097278,1.5376308600302033,1.537467685336159
1.562430152393948,0.44980366998927124,1.5428342979788854,1.542931561159621
1.555524402586561,-0.22801081653050365,1.5378672694086182,1.5433687850506381
1.549316908143406,-0.17689867907507295,1.5344445219742744,1.5441584341450225
1.544995894600535,-0.09851588151279685,1.5326900693870322,1.545452767481996
1.5411580431332779,-0.06502476659049956,1.5316694518184337,1.5468800622749281
1.537667191818088,-0.5710049960504904,1.524234047836826,1.544959949618531
1.5359221916665091,-0.39299843691012853,1.5201613632323605,1.5442765431352092
1.5399981137469771,-0.3914588784616907,1.5167337099373204,1.5436528673344294
1.5436485298163367,-0.16367613396899297,1.5164930376677002,1.5443873183713908
1.5475129754092747,-0.013495401447085203,1.518051977257059,1.5459367982260326
1.5523500213671233,0.8285229318536275,1.5309813705176303,1.5530985237678083
1.5563871160240828,1.012190776442416,1.5449513343987913,1.5612242188522927
1.5629758638531863,0.894317892830102,1.5556626675313276,1.568200772794217
1.5691321911985125,0.8919008143399023,1.5647045614037867,1.5746499189859107
1.5748520557529264,0.2908318293794765,1.5668337556146943,1.5778976851026547
1.5808274366670074,0.19138890204607492,1.56767676893482,1.5804320199858177
1.5877515896093821,0.8791582444240452,1.5775399908392627,1.5872920099865033
1.5922361038370267,0.08688568221569423,1.5777714387952446,1.5896412748350026
1.5966388145340344,-0.6321954181289967,1.5688627681981642,1.587325526888737
1.6004898566876358,-0.7463340095569061,1.5597313343850643,1.584395373046554
1.605396047372293,-0.15645977447337012,1.5593851299608092,1.5853228031737863
1.6123069032518236,0.6810446045172233,1.5723942832617963,1.592743075420303
1.617615409869989,0.6832323030270551,1.5834412653129395,1.5996330523284457
1.6257331071735448,1.1510410359855328,1.6016508769695825,1.610384111514574
1.6342470569499488,0.863955985970554,1.6138192687775827,1.6187407249418098
1.6435743614666014,1.2971676461039676,1.6329177561596917,1.6308201799696311
1.6532643034812224,1.8201265030215439,1.6623762634600783,1.6485645037023218
1.6621616341736385,1.4956139501125891,1.6835544099319535,1.6631455131287871
1.6720299695834173,1.2110711733879322,1.6981323150797236,1.6749979033889626
1.6797764128922654,0.564882521579464,1.7022807913105598,1.6819340881483529
1.6889887244094168,1.1818782644495638,1.7195147408128977,1.6951259876364098
1.6983109228539257,1.4562292504611543,1.741386154002277,1.7109360845200527
1.7067279636362929,1.5930145180465154,1.7637333394116006,1.7274695229720611
1.715249253391389,1.8260551527718323,1.7895374286229513,1.7461793338399405
1.7234689657610942,1.2203481995399885,1.803649672264773,1.7596941996235955
1.7284785544064487,0.48583432071237975,1.804843723875801,1.7669067403340357
1.73270531836787,0.5387130725915309,1.8069973322616601,1.7741489545360698
1.7367727303281064,0.38383184204812654,1.8065431038106776,1.779731770383169
1.739343318517762,-0.33352348927301084,1.7946107836380414,1.7792047617757625
1.7419325225953903,-0.34760984962336,1.7842718591608808,1.7785972486044725
1.7439696326236043,-0.5920109455147984,1.7713998119073437,1.7760006208582757
1.7469607271287328,-0.48046261562460907,1.76218526690353,1.7744236440984293
1.7524891139781447,-0.016376931037812983,1.7616810315013758,1.7765607530631982
1.757318819957301,-0.3754250104308087,1.7557635057893657,1.7758310720847748
1.7616195155881436,-0.20887014847157367,1.7533190800498764,1.77641955328407
1.7683040022697598,0.18734342516529148,1.757638649189178,1.7801154248909266
1.7748306262212465,0.4664468956322064,1.7661598204201987,1.7859378604801044
1.7807771791030904,0.649452627168276,1.7766821024481743,1.7929627484704913
1.7873749689349263,0.9676950029228492,1.7916780700816155,1.802472528313795
1.7944926207358514,1.2479679346956012,1.8102471228537729,1.8141783921759538
1.8032563425407704,1.6957096868933155,1.8368918897247224,1.8304098382152805
1.8147073475588942,2.034520389861924,1.8695028934742124,1.8504039425579044
1.8247151425638146,1.249553275249008,1.8874391444844265,1.8641531490549006
1.834759850215211,1.3052351568316463,1.904024655713531,1.8775787587914279
1.8438837628585496,0.8269391636000449,1.9118629584417532,1.8869537721027962
1.8540219754558716,0.8631601610356933,1.9192593349455982,1.8960111826593868
1.8620957392637825,-0.03204231206494546,1.9128058048243388,1.8981272091315595
1.8705293747805742,0.11417779826241889,1.9099663076418856,1.9013794465738731
1.8788214231721838,0.2073275624536198,1.9091992984612456,1.9051975927741422
1.8883383969932828,0.7637787670288939,1.9191719639467772,1.91397227886931
1.8969254274270995,0.989918204194693,1.9324949888410343,1.9245064284462572
1.9042259404363024,0.5201932028342592,1.9374934829564214,1.9311650754175893
1.9107189494129089,0.04550703934462039,1.9347734216609505,1.9339024732784087
1.918016271127024,0.35959611006890474,1.9382673596999829,1.939295868174023
1.9260014233081144,0.32068015398770766,1.9406767595615317,1.9440199284268447
1.9338806244924356,0.19250306975060982,1.9409905954117193,1.9475432211516983
1.9401158832028187,-0.01345793399196031,1.9385164864696074,1.949454132686324
1.9471263074889504,-0.20165437108227732,1.9339149222606418,1.9499863279245702
1.9564246775968352,0.29464250982543905,1.9374640019338119,1.9541503762627377
